{"acc": 0.84, "loss": 2.515497841733567, "_timestamp": 1685031221.018404, "_runtime": 776.9809770584106, "_step": 68, "_wandb": {"runtime": 785}}