{"acc": 0.0, "_timestamp": 1685033081.6587548, "_runtime": 166.93546271324158, "_step": 27, "loss": 15.828057025341277, "_wandb": {"runtime": 176}}