{"averageTrainLoss": [20.531755609715237, 17.525573142031405, 17.316155595982327, 17.184307828862618, 17.01598944562547, 16.90948388931599, 16.8374217824733, 16.641096378894563, 16.666619382006058, 16.455793685101447, 16.38804857781593, 16.194634234651605, 16.091937917344115, 15.830709863216319, 15.54146208661668, 15.137039671552943, 14.535931384309809, 13.6043701171875, 12.182205159613426, 11.035239341411184, 9.798750471561513, 8.883846242377098, 8.331603547360034, 7.725847639936082, 7.187659304192725], "charErrorRates": [1.0, 1.0, 1.0, 1.0, 0.9779771615008157, 0.9396411092985318, 0.933115823817292, 0.9216965742251223, 0.9216965742251223, 0.9176182707993474, 0.9200652528548124, 0.9216965742251223, 0.9078303425774877, 0.8776508972267537, 0.8621533442088092, 0.8409461663947798, 0.8066884176182708, 0.6696574225122349, 0.5497553017944535, 0.4282218597063622, 0.3605220228384992, 0.2895595432300163, 0.2634584013050571, 0.199836867862969, 0.17862969004893964], "wordAccuracies": [0.0, 0.0, 0.0, 0.0, 0.0, 0.0, 0.0, 0.0, 0.0, 0.0, 0.0, 0.0, 0.0, 0.0, 0.004, 0.0, 0.012, 0.024, 0.104, 0.148, 0.228, 0.304, 0.32, 0.424, 0.488]}