{"acc": 0.488, "_timestamp": 1685033435.7124088, "_runtime": 281.7552547454834, "_step": 49, "loss": 7.187659304192725, "_wandb": {"runtime": 281}}