{"acc": 0.38, "_timestamp": 1685032395.5200949, "_runtime": 282.5096719264984, "_step": 49, "loss": 7.925835832636407, "_wandb": {"runtime": 282}}